    INSERT INTO EmployeeInfo VALUES ('100001','Irene','Bae',STR_TO_DATE('13-04-1965','%d-%m-%Y'),'renebae@hotmail.com','N','1311001110022','0931117788','1234567891011',
        STR_TO_DATE('03-03-2010','%d-%m-%Y'),'1222333456777','1344556677998','F','128 Kanlapaphruek Rd. Bangkok 10151');
    INSERT INTO EmployeeInfo VALUES('100235','Wendy','Son',STR_TO_DATE('22-02-1963','%d-%m-%Y'),'SonW@hotmail.com','N','1311001110023','0911122345','1234567891012',
	    STR_TO_DATE('10-03-2010','%d-%m-%Y'),'1222333456778','1344556677999','F','24 NgamWongWan Rd. Bangkok 10140');
    INSERT INTO EmployeeInfo VALUES('104582','Joy','Park',STR_TO_DATE('22-07-1982','%d-%m-%Y'),'Joyy@hotmail.com','Y','1311001110024','0911100345','1234567891013',
	    STR_TO_DATE('11-04-2011','%d-%m-%Y'),'1222333456779','1344556677990','F','56 Chomthong Rd. Bangkok 10150');
    INSERT INTO EmployeeInfo VALUES	('400823','Yeri','Kim',STR_TO_DATE('16-03-1975','%d-%m-%Y'),'Yerii@hotmail.com','Y','1311001110025','0911121346','1234567891014',
    	STR_TO_DATE('10-05-2012','%d-%m-%Y'),'1222333456780','1344556677991','F','65 Charoenkrung Rd. Bangkok 10160');
    INSERT INTO EmployeeInfo VALUES	('341001','Seulgi','Kang',STR_TO_DATE('19-02-1971','%d-%m-%Y'),'KSeul@hotmail.com','Y','1311001110026','0911124349','1234567891015',
    	STR_TO_DATE('11-04-2013','%d-%m-%Y'),'1222333456781','1344556677992','F','22 Charoenkrung Rd. Bangkok 10160');
    INSERT INTO EmployeeInfo VALUES	('100436','Seojoon','Park',STR_TO_DATE('16-12-1967','%d-%m-%Y'),'Seojooni@hotmail.com','N','1311001110027','0911133345','1234567891016',
    	STR_TO_DATE('10-12-2013','%d-%m-%Y'),'1222333456782','1344556677993','M','66 Charoennakhon Rd. Bangkok 10170');
    INSERT INTO EmployeeInfo VALUES	('101112','Minho','Lee',STR_TO_DATE('19-06-1963','%d-%m-%Y'),'minmin@hotmail.com','N','1311001110028','0999122345','1234567891017',
    	STR_TO_DATE('10-03-2014','%d-%m-%Y'),'1222333456783','1344556677994','M','66 Charoenphatthana Rd. Bangkok 10180');
    INSERT INTO EmployeeInfo VALUES	('236377','Taehyung','Kim',STR_TO_DATE('30-12-1973','%d-%m-%Y'),'VTaehyung@hotmail.com','N','1311001110029','0911177345','1234567891018',
    	STR_TO_DATE('10-03-2014','%d-%m-%Y'),'1222333456784','1344556677995','M','75 Chaengwatthana Rd. Bangkok 10190');
    INSERT INTO EmployeeInfo VALUES	('104097','Dongwook','Lee',STR_TO_DATE('27-12-1981','%d-%m-%Y'),'DongW@hotmail.com','Y','1311001110030','0911126545','1234567891019',
    	STR_TO_DATE('10-04-2015','%d-%m-%Y'),'1222333456785','1344556677996','M','83 Chaengwatthana Rd. Bangkok 10190');
    INSERT INTO EmployeeInfo VALUES	('618643','Dami','Kim',STR_TO_DATE('08-04-1993','%d-%m-%Y'),'Damii@hotmail.com','N','1311001110031','0914442345','1234567891020',
    	STR_TO_DATE('15-03-2018','%d-%m-%Y'),'1222333456786','1344556677997','F','96 NgamWongWan Rd. Bangkok 10140');


    INSERT INTO Familymember VALUES ('100001','104582','Jimin Park',STR_TO_DATE('15-09-2018','%d-%m-%Y'));
    INSERT INTO Familymember VALUES ('100002','104582','Saeroi Park',STR_TO_DATE('19-10-2019','%d-%m-%Y'));
    INSERT INTO Familymember VALUES ('100003','100436','Minyoung Park',STR_TO_DATE('20-03-2012','%d-%m-%Y'));
    INSERT INTO Familymember VALUES ('100004','104097','Jongsuk Lee',STR_TO_DATE('01-01-2012','%d-%m-%Y'));
    INSERT INTO Familymember VALUES ('100005','341001','Miyeon Kim',STR_TO_DATE('16-07-2019','%d-%m-%Y'));


	INSERT INTO department VALUES ('HKP','Housekeeping');
	INSERT INTO department VALUES ('MTN','Maintenance');
	INSERT INTO department VALUES ('MNS','Marketing and Sales');
	INSERT INTO department VALUES ('EPN','Event Planner');
	INSERT INTO department VALUES ('FBS','Food and Beverage Service');
	INSERT INTO department VALUES ('FPD','Food Production');
	INSERT INTO department VALUES ('FOF','Front Office');
	INSERT INTO department VALUES ('HRS','Human Resource');
	INSERT INTO department VALUES ('ANF','Accounting and Finance');
	INSERT INTO department VALUES ('PUR','Purchase');
	INSERT INTO department VALUES ('SEC','Security');
	INSERT INTO department VALUES ('ITN','Information Technology');
	INSERT INTO department VALUES ('BND','Business development');


    INSERT INTO POSITIONJOB VALUES ('NWB','Newbie',15000);
    INSERT INTO POSITIONJOB VALUES ('GMG','General Manager',500000);
    INSERT INTO POSITIONJOB VALUES ('FOM','Front Office Manager',150000);
	INSERT INTO POSITIONJOB VALUES ('GSM','Guest Sevice Manager',27000);
    INSERT INTO POSITIONJOB VALUES ('FOA','Front Office Attendant',15000);
    INSERT INTO POSITIONJOB VALUES ('GSS','Guest Sevice Supervisor',22000);
    INSERT INTO POSITIONJOB VALUES ('FDA','Front Desk Assistant',20000);
    INSERT INTO POSITIONJOB VALUES ('RCT','Receptionist',15000);
    INSERT INTO POSITIONJOB VALUES ('RSV','Reservationist',16000);
    INSERT INTO POSITIONJOB VALUES ('ONM','Overnight Manager',28000);
    INSERT INTO POSITIONJOB VALUES ('EHK','Executive Housekeeper',75000);
    INSERT INTO POSITIONJOB VALUES ('AEK','Assistant Executive Housekeeper',50000);
    INSERT INTO POSITIONJOB VALUES ('DSM','Director of Sales and Marketing',150000);
    INSERT INTO POSITIONJOB VALUES ('SSM','Senior Sales Manager',80000);
    INSERT INTO POSITIONJOB VALUES ('EXC','Executive Chef',22000);
    INSERT INTO POSITIONJOB VALUES ('CFM','Cafe Manager',27000);
    INSERT INTO POSITIONJOB VALUES ('CTM','Catering Manager',27000);
    INSERT INTO POSITIONJOB VALUES ('FBM','Food and Beverage Manager',150000);
    INSERT INTO POSITIONJOB VALUES ('CHE','Chef',19000);
    INSERT INTO POSITIONJOB VALUES ('SCH','Sous Chef',16000);
    INSERT INTO POSITIONJOB VALUES ('KCM','Kitchen Manger',55000);
    INSERT INTO POSITIONJOB VALUES ('DOM','Director of Engineering',180000);
    INSERT INTO POSITIONJOB VALUES ('DHS','Director of Human Resources',180000);
    INSERT INTO POSITIONJOB VALUES ('DOF','Director of Finance',180000);
    INSERT INTO POSITIONJOB VALUES ('ACC','Accountant',18000);
    INSERT INTO POSITIONJOB VALUES ('COS','Chief of Security',180000);
    INSERT INTO POSITIONJOB VALUES ('ITT','IT Technicians',20000);



	INSERT INTO absent VALUES (000001,'100001',STR_TO_DATE('01-12-2019','%d-%m-%Y'));
	INSERT INTO absent VALUES (000002,'100235',STR_TO_DATE('01-12-2019','%d-%m-%Y'));
	INSERT INTO absent VALUES (000003,'104582',STR_TO_DATE('01-12-2019','%d-%m-%Y'));
	INSERT INTO absent VALUES (000004,'400823',STR_TO_DATE('01-12-2019','%d-%m-%Y'));
	INSERT INTO absent VALUES (000005,'341001',STR_TO_DATE('02-12-2019','%d-%m-%Y'));
	INSERT INTO absent VALUES (000006,'100436',STR_TO_DATE('02-12-2019','%d-%m-%Y'));
	INSERT INTO absent VALUES (000007,'101112',STR_TO_DATE('03-12-2019','%d-%m-%Y'));
	INSERT INTO absent VALUES (000008,'236377',STR_TO_DATE('03-12-2019','%d-%m-%Y'));
	INSERT INTO absent VALUES (000009,'104097',STR_TO_DATE('03-12-2019','%d-%m-%Y'));
	INSERT INTO absent VALUES (000010,'618643',STR_TO_DATE('05-12-2019','%d-%m-%Y'));



	INSERT INTO COURSE VALUES ('EN1','English for Communication 1',' This course emphasizes the fundamental English language skills of reading, writing, speaking',STR_TO_DATE('01-12-2019','%d-%m-%Y'),STR_TO_DATE('10-12-2019','%d-%m-%Y'),STR_TO_DATE('25-12-2019','%d-%m-%Y'),'EN0001');
	INSERT INTO COURSE VALUES ('EN2','English for Communication 2',' This course emphasizes the intermediate English language skills of reading, writing, speaking',STR_TO_DATE('11-12-2019','%d-%m-%Y'),STR_TO_DATE('25-12-2019','%d-%m-%Y'),STR_TO_DATE('28-12-2019','%d-%m-%Y'),'EN0002');
	INSERT INTO COURSE VALUES ('JP1','Japanese for Communication 1','This course emphasizes the fundamental Japanese language skills of reading, writing, speaking',STR_TO_DATE('15-01-2020','%d-%m-%Y'),STR_TO_DATE('15-02-2020','%d-%m-%Y'),'JLPT05');
	INSERT INTO COURSE VALUES ('JP2','Japanese for Communication 2','This course emphasizes the intermediate Japanese language skills of reading, writing, speaking',STR_TO_DATE('20-02-2020','%d-%m-%Y'),STR_TO_DATE('10-04-2020','%d-%m-%Y'),'JLPT04');
	INSERT INTO COURSE VALUES ('SP1','Spanish for Communication 1','This course emphasizes the fundamental Spanish language skills of reading, writing, speaking',STR_TO_DATE('01-12-2019','%d-%m-%Y'),STR_TO_DATE('10-12-2019','%d-%m-%Y'),'SP0001');
	INSERT INTO COURSE VALUES ('SP2','Spanish for Communication 2','This course emphasizes the intermediate Spanish language skills of reading, writing, speaking',STR_TO_DATE('15-01-2020','%d-%m-%Y'),STR_TO_DATE('31-01-2020','%d-%m-%Y'),'SP0002');
	INSERT INTO COURSE VALUES ('LDS','Leadership','This course aims to enhance your ability to lead other people effectively in order to achieve work or organisational goals',STR_TO_DATE('16-01-2020','%d-%m-%Y'),STR_TO_DATE('17-01-2020','%d-%m-%Y'),'SFT004');
 	INSERT INTO COURSE VALUES ('SVM','Supervisory Management','This course provides participants with the opportunity to gain the knowledge and expertise required to excel in a managerial role.Developing a range of supervisory and management skills, as well as improving interpersonal and communication skills',STR_TO_DATE('16-03-2020','%d-%m-%Y'),STR_TO_DATE('18-03-2020','%d-%m-%Y'),'SFT005');
	INSERT INTO COURSE VALUES ('EFM','Effective Meeting Skills','This course aims to enhance creative thinking skills and fine-tune your meeting communications and interpersonal skills',STR_TO_DATE('25-02-2020','%d-%m-%Y'),STR_TO_DATE('27-02-2020','%d-%m-%Y'),'SFT007');

	INSERT INTO Skill VALUES ('EN0001','English A1 (Beginner)','Can understand and use familiar everyday expressions and very basic phrases aimed at the satisfaction of needs of a concrete type');
	INSERT INTO Skill VALUES ('EN0002','English A2 (Elementary)','Can understand sentences and frequently used expressions related to areas of most immediate relevance ');
	INSERT INTO Skill VALUES ('EN0003','Enlish B1 (Intermediate)','Can understand the main points of clear standard input on familiar matters regularly encountered in work, school, leisure, etc');
	INSERT INTO Skill VALUES ('EN0004','Enlish B2 (Upper-Intermediate)','Can understand the main ideas of complex text on both concrete and abstract topics, including technical discussions in his/her field of specialisation');
	INSERT INTO Skill VALUES ('EN0005','English C1 (Advanced English)','Can understand a wide range of demanding, longer texts, and recognise implicit meaning. Can express him/herself fluently and spontaneously without much obvious searching for expressions');
	INSERT INTO Skill VALUES ('EN0006','English C2 (Proficiency) ','Can understand with ease virtually everything heard or read. Can summarise information from different spoken and written sources, reconstructing arguments and accounts in a coherent presentation');
	INSERT INTO Skill VALUES ('JLPT01','N1 (Advance)','Understand Japanese used in a variety of circumstances');
	INSERT INTO Skill VALUES ('JLPT02','N2 (Upper-Intermediate)','Understand Japanese used in everyday situations, and in a variety of circumstances to a certain degree');
	INSERT INTO Skill VALUES ('JLPT03','N3 (Intermediate)','Understand Japanese used in everyday situations to a certain degree');
	INSERT INTO Skill VALUES ('JLPT04','N4 (Elementary)','Understand basic Japanese');
	INSERT INTO Skill VALUES ('JLPT05','N5 (Beginner)','Understand some basic Japanese');
	INSERT INTO Skill VALUES ('SP0002','Spanish 2 (Elementary)','Understand basic Spanish');
	INSERT INTO Skill VALUES ('SP0001','Spanish 1 (Beginner)','Understand some basic Spanish');
	INSERT INTO Skill VALUES ('SFT001','Negotiation','Preparation, Discussion, Clarification of goals, Negotiate towards a Win-Win outcome, Agreement, Implementation of a course of action ');
	INSERT INTO Skill VALUES ('SFT002','Judgement in Decision Making','Capacity to decide, Thought processes used to decide, Decision outcome that comes from exercising judgment');
    INSERT INTO Skill VALUES ('SFT003','Emotional Intelligence','Recognize his emotions, understand what we are telling, and realize how his emotions affect people around him');
    INSERT INTO Skill VALUES ('SFT004','leadership','Ability to communicate well, motivate their team, handle and delegate responsibilities, listen to feedback, and have the flexibility to solve problems in an ever-changing workplace');
    INSERT INTO Skill VALUES ('SFT005','Planning','Organize activities in line with set guidelines while still remaining within the limits of the available resources such as time, money, and labor');
    INSERT INTO Skill VALUES ('SFT006','Communication','Relate well with the employees and thus, be able to achieve the company set goals and objectives easily');
    INSERT INTO Skill VALUES ('SFT007','Delegation','Able to effectively and efficiently re-assign tasks and give authority to the right employees');
    INSERT INTO Skill VALUES ('SFT008','Problem-solving','Identifying a certain problem or situation and then finding the best way to handle the problem and get the best solution');


	INSERT INTO degree VALUES ('B.A.','Bachelor of Arts');
	INSERT INTO degree VALUES ('B.Acc.','Bachelor of Accounting');
	INSERT INTO degree VALUES ('B.A.Sc.','Bachelor of Applied Science');
	INSERT INTO degree VALUES ('B.B.A.','Bachelor of Business Administration');
	INSERT INTO degree VALUES ('B.Com.','Bachelor of Commerce');
	INSERT INTO degree VALUES ('B.Eng.','Bachelor of Engineering');
	INSERT INTO degree VALUES ('B.F.A.','Bachelor of Fine Arts');
	INSERT INTO degree VALUES ('LL.B.','Bachelor of Law');
	INSERT INTO degree VALUES ('B.Arch.','Bachelor of Architecture');
	INSERT INTO degree VALUES ('B.I.T.','Bachelor of Information Technology');
	INSERT INTO degree VALUES ('M.A.','Master of Arts');
	INSERT INTO degree VALUES ('M.B.A.','Master of Business Administration');
	INSERT INTO degree VALUES ('M.Eng.','Master of Engineering');
	INSERT INTO degree VALUES ('M.F.A.','Master of Fine Arts');
	INSERT INTO degree VALUES ('LL.M.','Master of Laws');
	INSERT INTO degree VALUES ('M.I.A.','Master of International Affairs');
	INSERT INTO degree VALUES ('M.P.A.','Master of Public Administration');



	INSERT INTO employeeBenefits VALUES ('0001','Uniform');
	INSERT INTO employeeBenefits VALUES ('0002','Phone cost');
	INSERT INTO employeeBenefits VALUES ('0003','Gym reimbursement');
	INSERT INTO employeeBenefits VALUES ('0004','Dental Expense');
	INSERT INTO employeeBenefits VALUES ('0005','Life insurance');
	INSERT INTO employeeBenefits VALUES ('0006','Health Insurance ');
	INSERT INTO employeeBenefits VALUES ('0007','Sick leave');
	INSERT INTO employeeBenefits VALUES ('0008','Provident Fund');



    INSERT INTO Welfare VALUES ('100001','0002');
    INSERT INTO Welfare VALUES ('100001','0004');
    INSERT INTO Welfare VALUES ('100001','0005');
    INSERT INTO Welfare VALUES ('100001','0006');
    INSERT INTO Welfare VALUES ('100001','0007');
    INSERT INTO Welfare VALUES ('100001','0008');
    INSERT INTO Welfare VALUES ('100235','0002');
    INSERT INTO Welfare VALUES ('100235','0004');
    INSERT INTO Welfare VALUES ('100235','0005');
    INSERT INTO Welfare VALUES ('100235','0006');
    INSERT INTO Welfare VALUES ('100235','0007');
    INSERT INTO Welfare VALUES ('100235','0008');
    INSERT INTO Welfare VALUES ('104582','0001');
    INSERT INTO Welfare VALUES ('104582','0004');
    INSERT INTO Welfare VALUES ('104582','0005');
    INSERT INTO Welfare VALUES ('104582','0006');
    INSERT INTO Welfare VALUES ('104582','0007');
    INSERT INTO Welfare VALUES ('104582','0008');
    INSERT INTO Welfare VALUES ('400823','0002');
    INSERT INTO Welfare VALUES ('400823','0004');
    INSERT INTO Welfare VALUES ('400823','0005');
    INSERT INTO Welfare VALUES ('400823','0006');
    INSERT INTO Welfare VALUES ('400823','0007');
    INSERT INTO Welfare VALUES ('400823','0008');
    INSERT INTO Welfare VALUES ('341001','0001');
    INSERT INTO Welfare VALUES ('341001','0004');
    INSERT INTO Welfare VALUES ('341001','0005');
    INSERT INTO Welfare VALUES ('341001','0006');
    INSERT INTO Welfare VALUES ('341001','0007');
    INSERT INTO Welfare VALUES ('236377','0002');
    INSERT INTO Welfare VALUES ('236377','0003');
    INSERT INTO Welfare VALUES ('236377','0004');
    INSERT INTO Welfare VALUES ('236377','0005');
    INSERT INTO Welfare VALUES ('236377','0006');
    INSERT INTO Welfare VALUES ('236377','0007');
    INSERT INTO Welfare VALUES ('100436','0002');
    INSERT INTO Welfare VALUES ('100436','0003');
    INSERT INTO Welfare VALUES ('100436','0004');
    INSERT INTO Welfare VALUES ('100436','0005');
    INSERT INTO Welfare VALUES ('100436','0006');
    INSERT INTO Welfare VALUES ('100436','0007');
    INSERT INTO Welfare VALUES ('101112','0003');
    INSERT INTO Welfare VALUES ('101112','0004');
    INSERT INTO Welfare VALUES ('101112','0005');
    INSERT INTO Welfare VALUES ('101112','0006');
    INSERT INTO Welfare VALUES ('101112','0007');
    INSERT INTO Welfare VALUES ('104097','0002');
    INSERT INTO Welfare VALUES ('104097','0003');
    INSERT INTO Welfare VALUES ('104097','0004');
    INSERT INTO Welfare VALUES ('104097','0005');
    INSERT INTO Welfare VALUES ('104097','0006');
    INSERT INTO Welfare VALUES ('104097','0007');
    INSERT INTO Welfare VALUES ('618643','0003');
    INSERT INTO Welfare VALUES ('618643','0004');
    INSERT INTO Welfare VALUES ('618643','0005');
    INSERT INTO Welfare VALUES ('618643','0006');
    INSERT INTO Welfare VALUES ('618643','0007');




	INSERT INTO educationalhistory VALUES ('100001',1,STR_TO_DATE('30-06-1987','%d-%m-%Y'),'B.A.','Bachelor');
	INSERT INTO educationalhistory VALUES ('100235',1,STR_TO_DATE('31-05-1985','%d-%m-%Y'),'B.Eng.','Bacherlor');
	INSERT INTO educationalhistory VALUES ('104582',1,STR_TO_DATE('31-03-2000','%d-%m-%Y'), NULL,'High School');
	INSERT INTO educationalhistory VALUES ('400823',1,STR_TO_DATE('30-06-1997','%d-%m-%Y'),'B.B.A.','Bachelor');
	INSERT INTO educationalhistory VALUES ('341001',1,STR_TO_DATE('31-05-1993','%d-%m-%Y'),'B.Acc.','Bachelor');
	INSERT INTO educationalhistory VALUES ('100436',1,STR_TO_DATE('30-06-1989','%d-%m-%Y'),'B.B.A.','Bachelor');
	INSERT INTO educationalhistory VALUES ('101112',1,STR_TO_DATE('30-06-1985','%d-%m-%Y'),'B.I.T.','Bachelor');  
	INSERT INTO educationalhistory VALUES ('236377',1,STR_TO_DATE('31-05-1995','%d-%m-%Y'),'B.B.A.','Bachelor');
	INSERT INTO educationalhistory VALUES ('236377',2,STR_TO_DATE('31-05-2002','%d-%m-%Y'),'M.B.A.','Master');
	INSERT INTO educationalhistory VALUES ('104097',1,STR_TO_DATE('30-06-2003','%d-%m-%Y'),'B.Com.','Bacherlor');
	INSERT INTO educationalhistory VALUES ('618643',1,STR_TO_DATE('31-05-2015','%d-%m-%Y'),'B.A.Sc.','Bachelor');



	INSERT INTO DeductionCode VALUES ('MEDE','Medicare');
	INSERT INTO DeductionCode VALUES ('SS-E','Social Security');
	INSERT INTO DeductionCode VALUES ('LTFE','Long Term Equity Fund');
	INSERT INTO DeductionCode VALUES ('RMFE','Retirement Mutual Fund');
	INSERT INTO DeductionCode VALUES ('WHTX','Withholding tax');
	INSERT INTO DeductionCode VALUES ('EIEE','Employment Insurance');


	INSERT INTO IncomeCode VALUES ('MTHS','Monthly Salary');
	INSERT INTO IncomeCode VALUES ('BONU','Bonus');
	INSERT INTO IncomeCode VALUES ('OVRT','Over Time');
	INSERT INTO IncomeCode VALUES ('CSUP','Child Support');


	INSERT INTO EmployeeDeduction VALUES ('100001','MEDE',300);
	INSERT INTO EmployeeDeduction VALUES ('100001','SS-E',750);
	INSERT INTO EmployeeDeduction VALUES ('100001','LTFE',500);
	INSERT INTO EmployeeDeduction VALUES ('100001','RMFE',500);
	INSERT INTO EmployeeDeduction VALUES ('100001','WHTX',2500);
	INSERT INTO EmployeeDeduction VALUES ('100001','EIEE',0);

	INSERT INTO EmployeeDeduction VALUES ('100235','MEDE',0);
	INSERT INTO EmployeeDeduction VALUES ('100235','SS-E',750);
	INSERT INTO EmployeeDeduction VALUES ('100235','LTFE',300);
	INSERT INTO EmployeeDeduction VALUES ('100235','RMFE',300);
	INSERT INTO EmployeeDeduction VALUES ('100235','WHTX',2500);
	INSERT INTO EmployeeDeduction VALUES ('100235','EIEE',0);

	INSERT INTO EmployeeDeduction VALUES ('104582','MEDE',0);
	INSERT INTO EmployeeDeduction VALUES ('104582','SS-E',750);
	INSERT INTO EmployeeDeduction VALUES ('104582','LTFE',500);
	INSERT INTO EmployeeDeduction VALUES ('104582','RMFE',500);
	INSERT INTO EmployeeDeduction VALUES ('104582','WHTX',3000);
	INSERT INTO EmployeeDeduction VALUES ('104582','EIEE',0);

	INSERT INTO EmployeeDeduction VALUES ('400823','MEDE',100);
	INSERT INTO EmployeeDeduction VALUES ('400823','SS-E',750);
	INSERT INTO EmployeeDeduction VALUES ('400823','LTFE',300);
	INSERT INTO EmployeeDeduction VALUES ('400823','RMFE',300);
	INSERT INTO EmployeeDeduction VALUES ('400823','WHTX',3000);
	INSERT INTO EmployeeDeduction VALUES ('400823','EIEE',0);

	INSERT INTO EmployeeDeduction VALUES ('341001','MEDE',0);
	INSERT INTO EmployeeDeduction VALUES ('341001','SS-E',750);
	INSERT INTO EmployeeDeduction VALUES ('341001','LTFE',200);
	INSERT INTO EmployeeDeduction VALUES ('341001','RMFE',200);
	INSERT INTO EmployeeDeduction VALUES ('341001','WHTX',3000);
	INSERT INTO EmployeeDeduction VALUES ('341001','EIEE',0);


	INSERT INTO EmployeeDeduction VALUES ('236377','MEDE',0);
	INSERT INTO EmployeeDeduction VALUES ('236377','SS-E',750);
	INSERT INTO EmployeeDeduction VALUES ('236377','LTFE',2000);
	INSERT INTO EmployeeDeduction VALUES ('236377','RMFE',1500);
	INSERT INTO EmployeeDeduction VALUES ('236377','WHTX',10000);
	INSERT INTO EmployeeDeduction VALUES ('236377','EIEE',0);

    
	INSERT INTO EmployeeDeduction VALUES ('100436','MEDE',0);
	INSERT INTO EmployeeDeduction VALUES ('100436','SS-E',750);
	INSERT INTO EmployeeDeduction VALUES ('100436','LTFE',2000);
	INSERT INTO EmployeeDeduction VALUES ('100436','RMFE',1500);
	INSERT INTO EmployeeDeduction VALUES ('100436','WHTX',1000);
	INSERT INTO EmployeeDeduction VALUES ('100436','EIEE',0);


	INSERT INTO EmployeeDeduction VALUES ('101112','MEDE',0);
	INSERT INTO EmployeeDeduction VALUES ('101112','SS-E',750);
	INSERT INTO EmployeeDeduction VALUES ('101112','LTFE',200);
	INSERT INTO EmployeeDeduction VALUES ('101112','RMFE',300);
	INSERT INTO EmployeeDeduction VALUES ('101112','WHTX',1000);
	INSERT INTO EmployeeDeduction VALUES ('101112','EIEE',0);

	INSERT INTO EmployeeDeduction VALUES ('104097','MEDE',0);
	INSERT INTO EmployeeDeduction VALUES ('104097','SS-E',750);
	INSERT INTO EmployeeDeduction VALUES ('104097','LTFE',2000);
	INSERT INTO EmployeeDeduction VALUES ('104097','RMFE',1500);
	INSERT INTO EmployeeDeduction VALUES ('104097','WHTX',5000);
	INSERT INTO EmployeeDeduction VALUES ('104097','EIEE',0);

	INSERT INTO EmployeeDeduction VALUES ('618643','MEDE',0);
	INSERT INTO EmployeeDeduction VALUES ('618643','SS-E',750);
	INSERT INTO EmployeeDeduction VALUES ('618643','LTFE',200);
	INSERT INTO EmployeeDeduction VALUES ('618643','RMFE',150);
	INSERT INTO EmployeeDeduction VALUES ('618643','WHTX',1000);
	INSERT INTO EmployeeDeduction VALUES ('618643','EIEE',0);


	INSERT INTO EmployeeIncome VALUES ('100235','MTHS',180000);
	INSERT INTO EmployeeIncome VALUES ('100235','BONU',7000);
	INSERT INTO EmployeeIncome VALUES ('104582','MTHS',16000);
	INSERT INTO EmployeeIncome VALUES ('104582','BONU',2000);
	INSERT INTO EmployeeIncome VALUES ('400823','MTHS',27000);
	INSERT INTO EmployeeIncome VALUES ('400823','BONU',5000);
	INSERT INTO EmployeeIncome VALUES ('341001','MTHS',18000);
    INSERT INTO EmployeeIncome VALUES ('341001','BONU',4000);
    INSERT INTO EmployeeIncome VALUES ('236377','MTHS',500000);
    INSERT INTO EmployeeIncome VALUES ('236377','BONU',60000);
    INSERT INTO EmployeeIncome VALUES ('100436','MTHS',150000);
    INSERT INTO EmployeeIncome VALUES ('100436','BONU',5000);
    INSERT INTO EmployeeIncome VALUES ('101112','MTHS',20000);
    INSERT INTO EmployeeIncome VALUES ('101112','BONU',5000);
   INSERT INTO EmployeeIncome VALUES ('104097','MTHS',80000);
    INSERT INTO EmployeeIncome VALUES ('104097','BONU',5000);
   INSERT INTO EmployeeIncome VALUES ('618643','MTHS',20000);
    INSERT INTO EmployeeIncome VALUES ('618643','BONU',5000);





    INSERT INTO EmployeeSkill VALUES ('100001','EN0005');
    INSERT INTO EmployeeSkill VALUES ('100001','SFT001');
    INSERT INTO EmployeeSkill VALUES ('100001','JLPT03');
    INSERT INTO EmployeeSkill VALUES ('100235','EN0004');
    INSERT INTO EmployeeSkill VALUES ('104582','EN0002');
    INSERT INTO EmployeeSkill VALUES ('104582','JLPT05');
    INSERT INTO EmployeeSkill VALUES ('100436','EN0006');
    INSERT INTO EmployeeSkill VALUES ('100436','SFT001');
    INSERT INTO EmployeeSkill VALUES ('100436','SFT002');
    INSERT INTO EmployeeSkill VALUES ('236377','EN0006');
    INSERT INTO EmployeeSkill VALUES ('236377','SFT001');
    INSERT INTO EmployeeSkill VALUES ('236377','SFT002');
    INSERT INTO EmployeeSkill VALUES ('236377','SFT003');
    INSERT INTO EmployeeSkill VALUES ('236377','JLPT01');
    INSERT INTO EmployeeSkill VALUES ('100436','EN0005');
    INSERT INTO EmployeeSkill VALUES ('100436','SFT003');
    INSERT INTO EmployeeSkill VALUES ('101112','EN0003');
    INSERT INTO EmployeeSkill VALUES ('101112','SFT003');
    INSERT INTO EmployeeSkill VALUES ('104097','SFT001');
    INSERT INTO EmployeeSkill VALUES ('104097','SFT002');
    INSERT INTO EmployeeSkill VALUES ('104097','SFT003');
    INSERT INTO EmployeeSkill VALUES ('104097','SFT005');
    INSERT INTO EmployeeSkill VALUES ('104097','SFT006');
    INSERT INTO EmployeeSkill VALUES ('104097','SFT008');
    INSERT INTO EmployeeSkill VALUES ('104097','EN0005');
    INSERT INTO EmployeeSkill VALUES ('618643','SFT002');
    INSERT INTO EmployeeSkill VALUES ('618643','SFT003');
    INSERT INTO EmployeeSkill VALUES ('618643','EN0004');



	INSERT INTO TrainingHistory VALUES (120000,'100001','LDS',8);
    INSERT INTO TrainingHistory VALUES (120001,'100001','SVM',9);
    INSERT INTO TrainingHistory VALUES (120002,'618643','JP1',10);
    INSERT INTO TrainingHistory VALUES (120003,'104097','SVM',7);
    INSERT INTO TrainingHistory VALUES (120004,'100436','SVM',9);
    INSERT INTO traininghistory VALUES (100011,'100235','EN1',10);
	INSERT INTO traininghistory VALUES (100012,'100235','EN2',10);
	INSERT INTO traininghistory VALUES (100013,'101112','EN1',5);
	INSERT INTO traininghistory VALUES (100014,'101112','EN2',7);
	INSERT INTO traininghistory VALUES (100018,'104582','EN1',8);
	INSERT INTO traininghistory VALUES (100019,'104582','EN2',7);
	INSERT INTO traininghistory VALUES (100111,'100235','LDS',10);
	INSERT INTO traininghistory VALUES (100890,'341001','LDS',10);



    INSERT INTO Vacation VALUES (361001,'100001',1,STR_TO_DATE('17-04-2010','%d-%m-%Y'),STR_TO_DATE('23-04-2010','%d-%m-%Y'));
    INSERT INTO Vacation VALUES (361002,'100001',2,STR_TO_DATE('18-10-2010','%d-%m-%Y'),STR_TO_DATE('19-10-2010','%d-%m-%Y'));
    INSERT INTO Vacation VALUES (361003,'100001',3,STR_TO_DATE('24-12-2010','%d-%m-%Y'),STR_TO_DATE('26-12-2010','%d-%m-%Y'));
    INSERT INTO Vacation VALUES (361004,'100001',4,STR_TO_DATE('16-04-2011','%d-%m-%Y'),STR_TO_DATE('18-04-2011','%d-%m-%Y'));
    INSERT INTO Vacation VALUES (361005,'100001',5,STR_TO_DATE('11-12-2011','%d-%m-%Y'),STR_TO_DATE('12-12-2011','%d-%m-%Y'));
    INSERT INTO Vacation VALUES (361006,'100001',6,STR_TO_DATE('16-04-2012','%d-%m-%Y'),STR_TO_DATE('17-04-2012','%d-%m-%Y'));
    INSERT INTO Vacation VALUES (361007,'100001',7,STR_TO_DATE('02-02-2015','%d-%m-%Y'),STR_TO_DATE('03-02-2015','%d-%m-%Y'));
    INSERT INTO Vacation VALUES (361008,'100001',8,STR_TO_DATE('10-11-2018','%d-%m-%Y'),STR_TO_DATE('11-11-2018','%d-%m-%Y'));
    INSERT INTO Vacation VALUES (361009,'100001',9,STR_TO_DATE('13-01-2020','%d-%m-%Y'),STR_TO_DATE('14-01-2020','%d-%m-%Y'));
    INSERT INTO Vacation VALUES (361010,'341001',1,STR_TO_DATE('16-04-2014','%d-%m-%Y'),STR_TO_DATE('18-04-2014','%d-%m-%Y'));
    INSERT INTO Vacation VALUES (361011,'341001',2,STR_TO_DATE('15-06-2015','%d-%m-%Y'),STR_TO_DATE('17-06-2015','%d-%m-%Y'));
    INSERT INTO Vacation VALUES (361012,'341001',3,STR_TO_DATE('15-08-2017','%d-%m-%Y'),STR_TO_DATE('18-08-2017','%d-%m-%Y'));
    INSERT INTO Vacation VALUES (361013,'341001',4,STR_TO_DATE('02-01-2019','%d-%m-%Y'),STR_TO_DATE('04-01-2019','%d-%m-%Y'));
    INSERT INTO Vacation VALUES (361014,'341001',5,STR_TO_DATE('17-02-2020','%d-%m-%Y'),STR_TO_DATE('24-02-2020','%d-%m-%Y'));
    INSERT INTO Vacation VALUES (361015,'400823',1,STR_TO_DATE('16-04-2012','%d-%m-%Y'),STR_TO_DATE('21-04-2012','%d-%m-%Y'));
    INSERT INTO Vacation VALUES (361016,'400823',2,STR_TO_DATE('10-12-2013','%d-%m-%Y'),STR_TO_DATE('13-12-2013','%d-%m-%Y'));
    INSERT INTO Vacation VALUES (361017,'104097',1,STR_TO_DATE('12-12-2017','%d-%m-%Y'),STR_TO_DATE('14-12-2017','%d-%m-%Y'));

    INSERT INTO PerformanceReview VALUES ('100001',STR_TO_DATE('01-08-2005','%d-%m-%Y'),'0','0','0','Newbie');
    INSERT INTO PerformanceReview VALUES ('100001',STR_TO_DATE('30-08-2005','%d-%m-%Y'),'5','5','5','Impressive performance, always come in on time.');
    INSERT INTO PerformanceReview VALUES ('100001',STR_TO_DATE('30-11-2011','%d-%m-%Y'),'5','5','5','Continues to grow and improve, always come in on time.');
    INSERT INTO PerformanceReview VALUES ('100235',STR_TO_DATE('01-06-2009','%d-%m-%Y'),'0','0','0','Newbie');
    INSERT INTO PerformanceReview VALUES ('100235',STR_TO_DATE('30-06-2009','%d-%m-%Y'),'5','5','5','Great personality, good work and well prepared');
    INSERT INTO PerformanceReview VALUES ('100235',STR_TO_DATE('30-11-2019','%d-%m-%Y'),'3','3','4','You communicate openly with your team, You have started delivering low quality work just to finish your work on time');
    INSERT INTO PerformanceReview VALUES ('104582',STR_TO_DATE('30-10-2010','%d-%m-%Y'),'5','5','5','Great work');
    INSERT INTO PerformanceReview VALUES ('104582',STR_TO_DATE('01-09-2006','%d-%m-%Y'),'0','0','0','Newbie');
    INSERT INTO PerformanceReview VALUES ('104582',STR_TO_DATE('30-11-2019','%d-%m-%Y'),'5','5','4','You can be relied upon by team members');
    INSERT INTO PerformanceReview VALUES ('400823',STR_TO_DATE('01-09-1997','%d-%m-%Y'),'0','0','0','Newbie');
    INSERT INTO PerformanceReview VALUES ('400823',STR_TO_DATE('30-10-1997','%d-%m-%Y'),'5','5','5','Clients usually seek your guidance and expertise, You are inconsiderate towards others opinions and ideas');
    INSERT INTO PerformanceReview VALUES ('341001',STR_TO_DATE('01-09-1994','%d-%m-%Y'),'0','0','0','Newbie');
    INSERT INTO PerformanceReview VALUES ('341001',STR_TO_DATE('30-11-1994','%d-%m-%Y'),'5','5','5','Great Work');
    INSERT INTO PerformanceReview VALUES ('341001',STR_TO_DATE('30-11-2019','%d-%m-%Y'),'4','5','4','Even when disagreeing with others, you do it gracefully and respectfully');
    INSERT INTO PerformanceReview VALUES ('100436',STR_TO_DATE('01-07-1989','%d-%m-%Y'),'0','0','0','Newbie');
    INSERT INTO PerformanceReview VALUES ('100436',STR_TO_DATE('30-11-2019','%d-%m-%Y'),'4','3','2','Your work doesnt comply with the required output standards');
    INSERT INTO PerformanceReview VALUES ('100436',STR_TO_DATE('30-08-1989','%d-%m-%Y'),'5','5','5','Great Work');
    INSERT INTO PerformanceReview VALUES ('100001',STR_TO_DATE('30-10-2019','%d-%m-%Y'),'4','5','3','You dont tend to listen to and take other people’s opinions into consideration');
    INSERT INTO PerformanceReview VALUES ('400823',STR_TO_DATE('30-10-2019','%d-%m-%Y'),'4','5','5','You have displayed a highly consistent level of performance in your work');
    INSERT INTO PerformanceReview VALUES ('236377',STR_TO_DATE('01-06-2002','%d-%m-%Y'),'0','0','0','Newbie');
    INSERT INTO PerformanceReview VALUES ('236377',STR_TO_DATE('30-06-2002','%d-%m-%Y'),'5','5','5','Great Work');
    INSERT INTO PerformanceReview VALUES ('101112',STR_TO_DATE('01-08-1985','%d-%m-%Y'),'0','0','0','Newbie');
    INSERT INTO PerformanceReview VALUES ('101112',STR_TO_DATE('30-08-1985','%d-%m-%Y'),'5','5','5','Great Work');
    INSERT INTO PerformanceReview VALUES ('104097',STR_TO_DATE('01-07-2003','%d-%m-%Y'),'0','0','0','Newbie');
    INSERT INTO PerformanceReview VALUES ('104097',STR_TO_DATE('30-08-2003','%d-%m-%Y'),'5','5','5','Great Work');
    INSERT INTO PerformanceReview VALUES ('618643',STR_TO_DATE('01-08-2015','%d-%m-%Y'),'0','0','0','Newbie');
    INSERT INTO PerformanceReview VALUES ('618643',STR_TO_DATE('30-08-2015','%d-%m-%Y'),'5','5','5','Great Work');

INSERT INTO PromotionalHistory VALUES ('100001','NWB','FOF',STR_TO_DATE('01-08-2005','%d-%m-%Y'),STR_TO_DATE('01-08-2005','%d-%m-%Y'),'Hyun Bin');
INSERT INTO PromotionalHistory VALUES ('100001','GSS','FOF',STR_TO_DATE('30-08-2005','%d-%m-%Y'),STR_TO_DATE('01-09-2005','%d-%m-%Y'),'Hyun Bin');
INSERT INTO PromotionalHistory VALUES ('100001','GSM','FOF',STR_TO_DATE('30-11-2011','%d-%m-%Y'),STR_TO_DATE('01-12-2012','%d-%m-%Y'),'Son Yejin');
INSERT INTO PromotionalHistory VALUES ('100235','NWB','MTN',STR_TO_DATE('01-06-2009','%d-%m-%Y'),STR_TO_DATE('01-06-2009','%d-%m-%Y'),'Kim Taepyoung');
INSERT INTO PromotionalHistory VALUES ('100235','DOM','MTN',STR_TO_DATE('30-06-2009','%d-%m-%Y'),STR_TO_DATE('01-07-2009','%d-%m-%Y'),'Kim Taepyoung');
INSERT INTO PromotionalHistory VALUES ('104582','NWB','FOF',STR_TO_DATE('01-09-2006','%d-%m-%Y'),STR_TO_DATE('01-09-2006','%d-%m-%Y'),'Hyun Bin');
INSERT INTO PromotionalHistory VALUES ('104582','RSV','FOF',STR_TO_DATE('30-10-2010','%d-%m-%Y'),STR_TO_DATE('01-11-2010','%d-%m-%Y'),'Hyun Bin');
INSERT INTO PromotionalHistory VALUES ('400823','NWB','FBS',STR_TO_DATE('01-09-1997','%d-%m-%Y'),STR_TO_DATE('01-09-1997','%d-%m-%Y'),'Kim Shin');
INSERT INTO PromotionalHistory VALUES ('400823','CFM','FBS',STR_TO_DATE('30-10-1997','%d-%m-%Y'),STR_TO_DATE('01-11-1997','%d-%m-%Y'),'Kim Shin');
INSERT INTO PromotionalHistory VALUES ('341001','NWB','ANF',STR_TO_DATE('01-09-1994','%d-%m-%Y'),STR_TO_DATE('01-09-1994','%d-%m-%Y'),'Kim Goeun');
INSERT INTO PromotionalHistory VALUES ('341001','ACC','ANF',STR_TO_DATE('30-11-1994','%d-%m-%Y'),STR_TO_DATE('01-12-1995','%d-%m-%Y'),'Kim Goeun');
INSERT INTO PromotionalHistory VALUES ('236377','NWB','BND',STR_TO_DATE('01-06-2002','%d-%m-%Y'),STR_TO_DATE('01-06-2002','%d-%m-%Y'),'Lee Shin');
INSERT INTO PromotionalHistory VALUES ('236377','GMG','BND',STR_TO_DATE('30-06-2002','%d-%m-%Y'),STR_TO_DATE('01-07-2002','%d-%m-%Y'),'Lee Shin');
INSERT INTO PromotionalHistory VALUES ('100436','NWB','FOF',STR_TO_DATE('01-07-1989','%d-%m-%Y'),STR_TO_DATE('01-07-1989','%d-%m-%Y'),'Lee Jieun');
INSERT INTO PromotionalHistory VALUES ('100436','FOM','FOF',STR_TO_DATE('30-08-1989','%d-%m-%Y'),STR_TO_DATE('01-09-1989','%d-%m-%Y'),'Lee Jieun');
INSERT INTO PromotionalHistory VALUES ('101112','NWB','ITN',STR_TO_DATE('01-08-1985','%d-%m-%Y'),STR_TO_DATE('01-08-1985','%d-%m-%Y'),'Moon Joowon');
INSERT INTO PromotionalHistory VALUES ('101112','ITT','ITN',STR_TO_DATE('30-08-1985','%d-%m-%Y'),STR_TO_DATE('01-09-1985','%d-%m-%Y'),'Moon Joowon');
INSERT INTO PromotionalHistory VALUES ('104097','NWB','ANF',STR_TO_DATE('01-07-2003','%d-%m-%Y'),STR_TO_DATE('01-07-2003','%d-%m-%Y'),'Lee Jieun');
INSERT INTO PromotionalHistory VALUES ('104097','SSM','ANF',STR_TO_DATE('30-08-2003','%d-%m-%Y'),STR_TO_DATE('01-09-2003','%d-%m-%Y'),'Lee Jieun');
INSERT INTO PromotionalHistory VALUES ('618643','NWB','ITN',STR_TO_DATE('01-08-2015','%d-%m-%Y'),STR_TO_DATE('01-08-2015','%d-%m-%Y'),'Woo Dohwan');
INSERT INTO PromotionalHistory VALUES ('618643','ITT','ITN',STR_TO_DATE('30-08-2015','%d-%m-%Y'),STR_TO_DATE('01-09-2015','%d-%m-%Y'),'Woo Dohwan');


    INSERT INTO WorkHistory VALUES ('100001',1,'Dusit International',STR_TO_DATE('01-08-1987','%d-%m-%Y'),STR_TO_DATE('01-10-2000','%d-%m-%Y'),'Front Desk Manager','Need new experience');
    INSERT INTO WorkHistory VALUES ('100001',2,'The Erawan Group Public Co. Ltd.',STR_TO_DATE('01-12-2000','%d-%m-%Y'),STR_TO_DATE('01-05-2005','%d-%m-%Y'),'Front Office Maneger','Not challenging');
	INSERT INTO WorkHistory VALUES ('100235',1,'Anantara Hotels Resorts and Spas',STR_TO_DATE('01-09-1985','%d-%m-%Y'),STR_TO_DATE('01-05-1995','%d-%m-%Y'),'Maintenance Manager','Cannot get along with new boss');
	INSERT INTO WorkHistory VALUES ('104582',1,'Bella Villa Group of Hotels',STR_TO_DATE('01-06-2000','%d-%m-%Y'),STR_TO_DATE('01-05-2005','%d-%m-%Y'),'Cleaner','Health problem');
	INSERT INTO WorkHistory VALUES ('100436',1,'The Erawan Group Public Co. Ltd.',STR_TO_DATE('01-08-1989','%d-%m-%Y'),STR_TO_DATE('01-05-2004','%d-%m-%Y'),'Senior Sales Manager','Need new environment');
	INSERT INTO WorkHistory VALUES ('101112',1,'Baan Krating Resorts',STR_TO_DATE('01-07-1985','%d-%m-%Y'),STR_TO_DATE('01-05-2000','%d-%m-%Y'),'Director of Information Technology','Move household due to personal issue');
	INSERT INTO WorkHistory VALUES ('236377',1,'Grande Centre Point Hotels',STR_TO_DATE('01-12-1995','%d-%m-%Y'),STR_TO_DATE('01-05-1999','%d-%m-%Y'),'Business Development','Study master degree');
	INSERT INTO WorkHistory VALUES ('236377',2,'Imperial Hotels GroupTO_DATE',STR_TO_DATE('01-06-2002','%d-%m-%Y'),STR_TO_DATE('01-05-2003','%d-%m-%Y'),'Marketing Manager','Not suit for the job');
	INSERT INTO WorkHistory VALUES ('236377',3,'Anantara Hotels Resorts and Spas',STR_TO_DATE('01-08-2003','%d-%m-%Y'),STR_TO_DATE('01-05-2010','%d-%m-%Y'),'Head of Business Development','Not challenging');



INSERT INTO DailyTimeCard VALUES ('100001',STR_TO_DATE('01-12-2019','%d-%m-%Y'),TIME('08:00:20'),TIME('17:00:20'));
INSERT INTO DailyTimeCard VALUES ('100235',STR_TO_DATE('01-12-2019','%d-%m-%Y'),TIME('08:50:20'),TIME('17:02:40'));
INSERT INTO DailyTimeCard VALUES ('104582',STR_TO_DATE('01-12-2019','%d-%m-%Y'),TIME('08:10:20'),TIME('17:30:20'));
INSERT INTO DailyTimeCard VALUES ('400823',STR_TO_DATE('01-12-2019','%d-%m-%Y'),TIME('09:15:20'),TIME('19:30:10'));
INSERT INTO DailyTimeCard VALUES ('341001',STR_TO_DATE('01-12-2019','%d-%m-%Y'),TIME('09:15:20'),TIME('19:30:10'));
INSERT INTO DailyTimeCard VALUES ('236377',STR_TO_DATE('01-12-2019','%d-%m-%Y'),TIME('08:00:20'),TIME('17:00:20'));
INSERT INTO DailyTimeCard VALUES ('100436',STR_TO_DATE('01-12-2019','%d-%m-%Y'),TIME('08:50:20'),TIME('17:02:40'));
INSERT INTO DailyTimeCard VALUES ('101112',STR_TO_DATE('01-12-2019','%d-%m-%Y'),TIME('08:10:20'),TIME('17:30:20'));
INSERT INTO DailyTimeCard VALUES ('104097',STR_TO_DATE('01-12-2019','%d-%m-%Y'),TIME('09:15:20'),TIME('19:30:10'));
INSERT INTO DailyTimeCard VALUES ('618643',STR_TO_DATE('01-12-2019','%d-%m-%Y'),TIME('09:15:20'),TIME('19:30:10'));

INSERT INTO DailyTimeCard VALUES ('100001',STR_TO_DATE('02-12-2019','%d-%m-%Y'),TIME('09:00:20'),TIME('17:00:20'));
INSERT INTO DailyTimeCard VALUES ('100235',STR_TO_DATE('02-12-2019','%d-%m-%Y'),TIME('08:50:20'),TIME('17:02:40'));
INSERT INTO DailyTimeCard VALUES ('104582',STR_TO_DATE('02-12-2019','%d-%m-%Y'),TIME('08:58:21'),TIME('17:16:50'));
INSERT INTO DailyTimeCard VALUES ('400823',STR_TO_DATE('02-12-2019','%d-%m-%Y'),TIME('08:35:20'),TIME('18:00:10'));
INSERT INTO DailyTimeCard VALUES ('341001',STR_TO_DATE('02-12-2019','%d-%m-%Y'),TIME('09:15:20'),TIME('19:30:10'));
INSERT INTO DailyTimeCard VALUES ('236377',STR_TO_DATE('02-12-2019','%d-%m-%Y'),TIME('08:00:20'),TIME('17:00:20'));
INSERT INTO DailyTimeCard VALUES ('100436',STR_TO_DATE('02-12-2019','%d-%m-%Y'),TIME('08:50:20'),TIME('17:02:40'));
INSERT INTO DailyTimeCard VALUES ('101112',STR_TO_DATE('02-12-2019','%d-%m-%Y'),TIME('08:10:20'),TIME('17:30:20'));
INSERT INTO DailyTimeCard VALUES ('104097',STR_TO_DATE('02-12-2019','%d-%m-%Y'),TIME('09:15:20'),TIME('19:30:10'));
INSERT INTO DailyTimeCard VALUES ('618643',STR_TO_DATE('02-12-2019','%d-%m-%Y'),TIME('09:15:20'),TIME('19:30:10'));

INSERT INTO DailyTimeCard VALUES ('100001',STR_TO_DATE('03-12-2019','%d-%m-%Y'),TIME('08:30:20'),TIME('17:00:20'));
INSERT INTO DailyTimeCard VALUES ('100235',STR_TO_DATE('03-12-2019','%d-%m-%Y'),TIME('08:50:20'),TIME('17:32:40'));
INSERT INTO DailyTimeCard VALUES ('104582',STR_TO_DATE('03-12-2019','%d-%m-%Y'),TIME('07:58:21'),TIME('17:16:50'));
INSERT INTO DailyTimeCard VALUES ('400823',STR_TO_DATE('03-12-2019','%d-%m-%Y'),TIME('09:11:20'),TIME('18:15:10'));
INSERT INTO DailyTimeCard VALUES ('341001',STR_TO_DATE('03-12-2019','%d-%m-%Y'),TIME('09:15:20'),TIME('19:30:10'));
INSERT INTO DailyTimeCard VALUES ('236377',STR_TO_DATE('03-12-2019','%d-%m-%Y'),TIME('08:00:20'),TIME('17:00:20'));
INSERT INTO DailyTimeCard VALUES ('100436',STR_TO_DATE('03-12-2019','%d-%m-%Y'),TIME('08:50:20'),TIME('17:02:40'));
INSERT INTO DailyTimeCard VALUES ('101112',STR_TO_DATE('03-12-2019','%d-%m-%Y'),TIME('08:10:20'),TIME('17:30:20'));
INSERT INTO DailyTimeCard VALUES ('104097',STR_TO_DATE('03-12-2019','%d-%m-%Y'),TIME('09:15:20'),TIME('19:30:10'));
INSERT INTO DailyTimeCard VALUES ('618643',STR_TO_DATE('03-12-2019','%d-%m-%Y'),TIME('09:15:20'),TIME('19:30:10'));

INSERT INTO DailyTimeCard VALUES ('100001',STR_TO_DATE('04-12-2019','%d-%m-%Y'),TIME('08:20:20'),TIME('17:00:20'));
INSERT INTO DailyTimeCard VALUES ('100235',STR_TO_DATE('04-12-2019','%d-%m-%Y'),TIME('08:50:20'),TIME('17:02:40'));
INSERT INTO DailyTimeCard VALUES ('104582',STR_TO_DATE('04-12-2019','%d-%m-%Y'),TIME('08:38:11'),TIME('16:45:50'));
INSERT INTO DailyTimeCard VALUES ('400823',STR_TO_DATE('04-12-2019','%d-%m-%Y'),TIME('09:00:20'),TIME('19:00:10'));
INSERT INTO DailyTimeCard VALUES ('341001',STR_TO_DATE('04-12-2019','%d-%m-%Y'),TIME('09:15:20'),TIME('19:30:10'));
INSERT INTO DailyTimeCard VALUES ('236377',STR_TO_DATE('04-12-2019','%d-%m-%Y'),TIME('08:00:20'),TIME('17:00:20'));
INSERT INTO DailyTimeCard VALUES ('100436',STR_TO_DATE('04-12-2019','%d-%m-%Y'),TIME('08:50:20'),TIME('17:02:40'));
INSERT INTO DailyTimeCard VALUES ('101112',STR_TO_DATE('04-12-2019','%d-%m-%Y'),TIME('08:10:20'),TIME('17:30:20'));
INSERT INTO DailyTimeCard VALUES ('104097',STR_TO_DATE('04-12-2019','%d-%m-%Y'),TIME('09:15:20'),TIME('19:30:10'));
INSERT INTO DailyTimeCard VALUES ('618643',STR_TO_DATE('04-12-2019','%d-%m-%Y'),TIME('09:15:20'),TIME('19:30:10'));

INSERT INTO DailyTimeCard VALUES ('100001',STR_TO_DATE('05-12-2019','%d-%m-%Y'),TIME('08:02:20'),TIME('16:59:20'));
INSERT INTO DailyTimeCard VALUES ('100235',STR_TO_DATE('05-12-2019','%d-%m-%Y'),TIME('08:50:00'),TIME('17:08:06'));
INSERT INTO DailyTimeCard VALUES ('104582',STR_TO_DATE('05-12-2019','%d-%m-%Y'),TIME('08:58:21'),TIME('17:16:50'));
INSERT INTO DailyTimeCard VALUES ('400823',STR_TO_DATE('05-12-2019','%d-%m-%Y'),TIME('08:53:20'),TIME('18:30:10'));
INSERT INTO DailyTimeCard VALUES ('341001',STR_TO_DATE('05-12-2019','%d-%m-%Y'),TIME('09:15:20'),TIME('19:30:10'));
INSERT INTO DailyTimeCard VALUES ('236377',STR_TO_DATE('05-12-2019','%d-%m-%Y'),TIME('08:00:20'),TIME('17:00:20'));
INSERT INTO DailyTimeCard VALUES ('100436',STR_TO_DATE('05-12-2019','%d-%m-%Y'),TIME('08:50:20'),TIME('17:02:40'));
INSERT INTO DailyTimeCard VALUES ('101112',STR_TO_DATE('05-12-2019','%d-%m-%Y'),TIME('08:10:20'),TIME('17:30:20'));
INSERT INTO DailyTimeCard VALUES ('104097',STR_TO_DATE('05-12-2019','%d-%m-%Y'),TIME('09:15:20'),TIME('19:30:10'));
INSERT INTO DailyTimeCard VALUES ('618643',STR_TO_DATE('05-12-2019','%d-%m-%Y'),TIME('09:15:20'),TIME('19:30:10'));

INSERT INTO DailyTimeCard VALUES ('100001',STR_TO_DATE('06-12-2019','%d-%m-%Y'),TIME('08:57:50'),TIME('18:30:00'));
INSERT INTO DailyTimeCard VALUES ('100235',STR_TO_DATE('06-12-2019','%d-%m-%Y'),TIME('09:15:20'),TIME('19:00:10'));
INSERT INTO DailyTimeCard VALUES ('104582',STR_TO_DATE('06-12-2019','%d-%m-%Y'),TIME('08:10:00'),TIME('18:20:50'));
INSERT INTO DailyTimeCard VALUES ('400823',STR_TO_DATE('06-12-2019','%d-%m-%Y'),TIME('09:15:20'),TIME('19:10:10'));
INSERT INTO DailyTimeCard VALUES ('341001',STR_TO_DATE('06-12-2019','%d-%m-%Y'),TIME('09:15:20'),TIME('19:30:10'));
INSERT INTO DailyTimeCard VALUES ('236377',STR_TO_DATE('06-12-2019','%d-%m-%Y'),TIME('08:00:20'),TIME('17:00:20'));
INSERT INTO DailyTimeCard VALUES ('100436',STR_TO_DATE('06-12-2019','%d-%m-%Y'),TIME('08:50:20'),TIME('17:02:40'));
INSERT INTO DailyTimeCard VALUES ('101112',STR_TO_DATE('06-12-2019','%d-%m-%Y'),TIME('08:10:20'),TIME('17:30:20'));
INSERT INTO DailyTimeCard VALUES ('104097',STR_TO_DATE('06-12-2019','%d-%m-%Y'),TIME('09:15:20'),TIME('19:30:10'));
INSERT INTO DailyTimeCard VALUES ('618643',STR_TO_DATE('06-12-2019','%d-%m-%Y'),TIME('09:15:20'),TIME('19:30:10'));





INSERT INTO MonthlyPaySlip VALUES ('300891','100001','GSM','FOF',STR_TO_DATE('30-11-2019','%d-%m-%Y'),'','');

INSERT INTO MonthlyPaySlip VALUES ('300892','100235','DOM','MTN',STR_TO_DATE('30-11-2019','%d-%m-%Y'),'','');

INSERT INTO MonthlyPaySlip VALUES ('300893','104582','RSV','FOF',STR_TO_DATE('30-11-2019','%d-%m-%Y'),'','');

INSERT INTO MonthlyPaySlip VALUES ('300894','400823','CFM','FBS',STR_TO_DATE('30-11-2019','%d-%m-%Y'),'','');

INSERT INTO MonthlyPaySlip VALUES ('300895','341001','ACC','ANF',STR_TO_DATE('30-11-2019','%d-%m-%Y'),'','');

INSERT INTO MonthlyPaySlip VALUES ('300896','236377','GMG','BND',STR_TO_DATE('30-11-2019','%d-%m-%Y'),'','');

INSERT INTO MonthlyPaySlip VALUES ('300897','100436','FOM','FOF',STR_TO_DATE('30-11-2019','%d-%m-%Y'),'','');

INSERT INTO MonthlyPaySlip VALUES ('300898','101112','ITT','ITN',STR_TO_DATE('30-11-2019','%d-%m-%Y'),'','');

INSERT INTO MonthlyPaySlip VALUES ('300899','104097','SSM','ITN',STR_TO_DATE('30-11-2019','%d-%m-%Y'),'','');

INSERT INTO MonthlyPaySlip VALUES ('300900','618643','ITT','ITN',STR_TO_DATE('30-11-2019','%d-%m-%Y'),'','');

